Name, Age, Gender
Rajesh Kumar, 45, M
Rajesh Kumar, 45, M
Rajesh Kumar, 45, M
Rajesh Kumar, 45, M
Rajesh Kumar, 45, M
Rajesh Kumar, 45, M
Rajesh Kumar, 45, M
Rajesh Kumar, 45, M
Rajesh Kumar, 45, M
Rajesh Kumar, 45, M
Rajesh Kumar, 45, M
Rajesh Kumar, 45, M
Rajesh Kumar, 45, M
Rajesh Kumar, 45, M
Rajesh Kumar, 45, M
Rajesh Kumar, 45, M
Rajesh Kumar, 45, M
Rajesh Kumar, 45, M
Rajesh Kumar, 45, M
Rajesh Kumar, 45, M
Rajesh Kumar, 45, M
Rajesh Kumar, 45, M
Rajesh Kumar, 45, M
Rajesh Kumar, 45, M
Rajesh Kumar, 45, M
Rajesh Kumar, 45, M
Rajesh Kumar, 45, M
Rajesh Kumar, 45, M
Rajesh Kumar, 45, M
Rajesh Kumar, 45, M
Rajesh Kumar, 45, M
Rajesh Kumar, 45, M
Rajesh Kumar, 45, M
Rajesh Kumar, 45, M
Rajesh Kumar, 45, M
Rajesh Kumar, 45, M
Rajesh Kumar, 45, M
Rajesh Kumar, 45, M
Rajesh Kumar, 45, M
Rajesh Kumar, 45, M
Rajesh Kumar, 45, M
Rajesh Kumar, 45, M
Rajesh Kumar, 45, M
Rajesh Kumar, 45, M
Rajesh Kumar, 45, M
Rajesh Kumar, 45, M
Rajesh Kumar, 45, M
Rajesh Kumar, 45, M
Rajesh Kumar, 45, M
Suresh Kumar, 45, M
